{"cameraMode":{"drawMode":0,"name":"Shaded","section":"Shading Mode"},"sceneLighting":true,"audioPlay":false,"sceneViewState":{"showFog":true,"showMaterialUpdate":false,"showSkybox":true,"showFlares":true,"showImageEffects":true,"showParticleSystems":true},"in2DMode":false,"pivot":{"x":19.617921829223634,"y":-38.458213806152347,"z":14.040731430053711},"rotation":{"x":0.6897156238555908,"y":-0.006274598650634289,"z":0.006882825866341591,"w":0.7244987487792969},"size":121.76387023925781,"orthographic":false}