{"cameraMode":{"drawMode":0,"name":"Shaded","section":"Shading Mode"},"sceneLighting":true,"audioPlay":false,"sceneViewState":{"showFog":true,"showMaterialUpdate":false,"showSkybox":true,"showFlares":true,"showImageEffects":true,"showParticleSystems":true},"in2DMode":false,"pivot":{"x":26.652315139770509,"y":47.81394958496094,"z":-134.12002563476563},"rotation":{"x":-0.07819332182407379,"y":-0.03080383874475956,"z":0.0024146009236574175,"w":-0.9964731931686401},"size":30.937458038330079,"orthographic":false}