{"cameraMode":{"drawMode":0,"name":"Shaded","section":"Shading Mode"},"sceneLighting":true,"audioPlay":false,"sceneViewState":{"showFog":true,"showMaterialUpdate":false,"showSkybox":true,"showFlares":true,"showImageEffects":true,"showParticleSystems":true},"in2DMode":false,"pivot":{"x":15.166244506835938,"y":-119.5120849609375,"z":-9.766239166259766},"rotation":{"x":-0.688446581363678,"y":-0.007112870924174786,"z":0.006899168714880943,"w":-0.7253416180610657},"size":279.7806091308594,"orthographic":false}