{"cameraMode":{"drawMode":0,"name":"Shaded","section":"Shading Mode"},"sceneLighting":true,"audioPlay":false,"sceneViewState":{"showFog":true,"showMaterialUpdate":false,"showSkybox":true,"showFlares":true,"showImageEffects":true,"showParticleSystems":true},"in2DMode":false,"pivot":{"x":-1197.771240234375,"y":-635.4583740234375,"z":-292.75726318359377},"rotation":{"x":-0.30269917845726015,"y":0.4456188976764679,"z":-0.16312003135681153,"w":-0.8266139626502991},"size":1355.1934814453125,"orthographic":false}