{"cameraMode":{"drawMode":0,"name":"Shaded","section":"Shading Mode"},"sceneLighting":true,"audioPlay":false,"sceneViewState":{"showFog":true,"showMaterialUpdate":false,"showSkybox":true,"showFlares":true,"showImageEffects":true,"showParticleSystems":true},"in2DMode":false,"pivot":{"x":-566.0828857421875,"y":10.457164764404297,"z":-809.6148681640625},"rotation":{"x":-0.007827927358448506,"y":0.6388264894485474,"z":0.006524702534079552,"w":0.7693134546279907},"size":88.15912628173828,"orthographic":false}