{"cameraMode":{"drawMode":0,"name":"Shaded","section":"Shading Mode"},"sceneLighting":true,"audioPlay":false,"sceneViewState":{"showFog":true,"showMaterialUpdate":false,"showSkybox":true,"showFlares":true,"showImageEffects":true,"showParticleSystems":true},"in2DMode":false,"pivot":{"x":637.023193359375,"y":251.896728515625,"z":-265.07550048828127},"rotation":{"x":0.01919163018465042,"y":0.030919864773750306,"z":0.00026223433087579906,"w":-0.9997047781944275},"size":223.7135467529297,"orthographic":false}