{"cameraMode":{"drawMode":0,"name":"Shaded","section":"Shading Mode"},"sceneLighting":true,"audioPlay":false,"sceneViewState":{"showFog":true,"showMaterialUpdate":false,"showSkybox":true,"showFlares":true,"showImageEffects":true,"showParticleSystems":true},"in2DMode":false,"pivot":{"x":11.697364807128907,"y":-53.668663024902347,"z":-73.57278442382813},"rotation":{"x":-0.5846264958381653,"y":0.01047014631330967,"z":-0.007528308779001236,"w":-0.8114839196205139},"size":628.3737182617188,"orthographic":false}